algo,max_AUPRC,min_AUPRC,mean_AUPRC,std_AUPRC
LogitBoost,0.35,0.0,0.065084841026,0.0767172118383
svmLinear,0.5138889,0.0,0.121652393241,0.107388859636
