algo,max_AUROC,min_AUROC,mean_AUROC,std_AUROC
svmLinear,1.0,0.02986023,0.8246924833,0.174036881266
LogitBoost,1.0,0.4882465,0.813036228,0.138095247971
